Caçarola, Mercearia
Buitoni, Congelados
Oliveira Da Serra, Mercearia
Paladin, Mercearia
Compal, Bebidas
Ferbar, Mercearia
Vatel, Mercearia
Heinz, Mercearia
Tenorio, Mercearia, Peixe
Lays, Mercearia
Jerónimo Valente, Mercearia
Sidul, Mercearia
Oreo, Mercearia
Milka, Mercearia
Fruta Simões, Fruta
Peixaria Simões, Peixe
Talho Simões, Carne
Legumes Simões, Legumes
Padaria Simões, Padaria
Nobre, Charcutaria
Lagos, Queijos, Lacticínios
Président, Queijos, Lacticínios
Luso, Bebidas
Serra da Estrela, Bebidas
Um Bongo, Bebidas
7up, Bebidas
Coca-Cola, Bebidas
Sagres, Bebidas
Esteva, Bebidas
Carm, Bebidas
Duorum, Bebidas
Hendrick's, Bebidas
Jack Daniel's, Bebidas
Eristoff, Bebidas
Longa Vida, Lacticínios
Danone, Lacticínios
Mimosa, Lacticínios, Queijos
Shoyce, Lacticínios
Ovos Simões, Mercearia, Lacticínios
Iglo, Congelados
Carte D'or, Congelados
Nivea, Higiene e Beleza
Oral-B, Higiene e Beleza
Control, Higiene e Beleza
Renova, Higiene e Beleza